/*
 * Script creación:
 * ALTER SESSION SET "_ORACLE_SCRIPT"=TRUE;
 * create user TIENDA_DEJAD identified by TIENDA_DEJAD;
 * GRANT CONNECT, RESOURCE, DBA TO TIENDA_DEJAD;
 * 
 * AUTOR: Luis Enrique Limones
 * GRUPO: DEJAD (Daniel, Enrique, Javier, Álvaro, Denise)
 * FEHCA: 16/01/2026
 * 
 * Descripción: Script de inserción de datos y restricciones.
 * 
 */

CREATE TABLE CLIENTES(
    ID_CLIENTE VARCHAR2(10) NOT NULL,
    NOMBRE VARCHAR2(25),
    APELLIDOS VARCHAR2(25),
    CORREO VARCHAR2(30),
    TELEFONO NUMBER(10),
    FECHA_REGISTRO DATE,
    CONSTRAINT PK_CLIENTES PRIMARY KEY (ID_CLIENTE)
);

CREATE TABLE PEDIDO(
    ID_PEDIDO VARCHAR2(30) NOT NULL,
    FECHA_REALIZACION DATE,
    ESTADO VARCHAR2(25),
    PRECIO_UNITARIO NUMBER(10,2),
    CANTIDAD_SOLICITADA NUMBER(10),
    ID_CLIENTE VARCHAR2(10),
    CONSTRAINT PK_PEDIDO PRIMARY KEY (ID_PEDIDO),
    CONSTRAINT FK_PEDIDO FOREIGN KEY(ID_CLIENTE) REFERENCES CLIENTES (ID_CLIENTE)
);
CREATE TABLE PRODUCTO(
    ID_PRODUCTO NUMBER(10) NOT NULL,
    NOMBRE VARCHAR2(25),
    PRECIO NUMBER(10,2),
    STOCK NUMBER(10),
    CATEGORIA VARCHAR2(10),
    ID_PEDIDO VARCHAR2(30) NOT NULL,
    ID_CLIENTE VARCHAR2(10) NOT NULL,
    CONSTRAINT PK_PRODUCTO PRIMARY KEY (ID_PRODUCTO),
    CONSTRAINT FK1_PRODUCTO FOREIGN KEY(ID_PEDIDO) REFERENCES PEDIDO (ID_PEDIDO),
    CONSTRAINT FK2_PRODUCTO FOREIGN KEY(ID_CLIENTE) REFERENCES CLIENTES (ID_CLIENTE)
);

CREATE TABLE ENVIO(
    ID_ENVIO VARCHAR2(30) NOT NULL,
    DIRECCION VARCHAR2(100),
    CIUDAD VARCHAR2(25),
    CODIGO_POSTAL NUMBER(10),
    FECHA_ENVIO DATE,
    FECHA_ENTREGA DATE,
    ID_PEDIDO VARCHAR2(30) NOT NULL,
    CONSTRAINT PK_ENVIO PRIMARY KEY (ID_ENVIO),
    CONSTRAINT FK_ENVIO FOREIGN KEY (ID_PEDIDO) REFERENCES PEDIDO (ID_PEDIDO)
);

CREATE TABLE PAGOS(
    ID_PAGO VARCHAR2(10) NOT NULL,
    FECHA_PAGO DATE,
    IMPORTE_PAGO NUMBER(10,2),
    METODO_PAGO VARCHAR2(25),
    ID_ENVIO VARCHAR2(30) NOT NULL,
    CONSTRAINT PK_PAGOS PRIMARY KEY (ID_PAGO),
    CONSTRAINT FK_PAGOS FOREIGN KEY (ID_ENVIO) REFERENCES ENVIO (ID_ENVIO)
);

-- TABLA CLIENTES
INSERT INTO CLIENTES (ID_CLIENTE, NOMBRE, APELLIDOS, CORREO, TELEFONO, FECHA_REGISTRO)
	VALUES('0015356789', 'RODOLFO', 'GÓMEZ CAZÓN', 'ROGOCA@OUTLOOK.COM',659321099, TO_DATE('13/01/2020','DD/MM/YYYY'));
INSERT INTO CLIENTES (ID_CLIENTE, NOMBRE, APELLIDOS, CORREO, TELEFONO, FECHA_REGISTRO)
	VALUES('0015356788', 'ALVARO', 'CRUCES MARTINEZ', 'ALVAROCM@YAHOO.ES',622693538, TO_DATE('03/11/2022','DD/MM/YYYY'));
INSERT INTO CLIENTES (ID_CLIENTE, NOMBRE, APELLIDOS, CORREO, TELEFONO, FECHA_REGISTRO)
	VALUES('0015356787', 'LUCIA', 'FERNANDEZ ROMAN', 'LUCIAFR@HOTMAIL.COM',623392837, TO_DATE('01/01/2024','DD/MM/YYYY'));
INSERT INTO CLIENTES (ID_CLIENTE, NOMBRE, APELLIDOS, CORREO, TELEFONO, FECHA_REGISTRO)
	VALUES ('0000369712', 'MARGARITA', 'SÁNCHEZ LAS VIÑAS', 'MARGA.VIÑAS@GMAIL.COM', 633486759, TO_DATE('2025-01-15', 'YYYY-MM-DD'));

-- TABLA PEDIDO
INSERT INTO PEDIDO (ID_PEDIDO, FECHA_REALIZACION, ESTADO, PRECIO_UNITARIO, CANTIDAD_SOLICITADA, ID_CLIENTE)
	VALUES ('00000000JSKL586DG6E93',TO_DATE('14/02/2020','DD/MM/YYYY'), 'ENTREGADO', 6.99,2,'0015356789');
INSERT INTO PEDIDO (ID_PEDIDO, FECHA_REALIZACION, ESTADO, PRECIO_UNITARIO, CANTIDAD_SOLICITADA, ID_CLIENTE)
	VALUES ('00000000JSKL586DG6E92',TO_DATE('15/01/2026','DD/MM/YYYY'), 'EN TRÁNSITO', 9.99,7,'0015356788');
INSERT INTO PEDIDO (ID_PEDIDO, FECHA_REALIZACION, ESTADO, PRECIO_UNITARIO, CANTIDAD_SOLICITADA, ID_CLIENTE)
	VALUES ('00000000JSKL586DG6E91',TO_DATE('20/02/2024','DD/MM/YYYY'), 'CANCELADO', 19.99,1,'0015356787');

-- TABLA PRODUCTO
INSERT INTO PRODUCTO (ID_PRODUCTO, NOMBRE, PRECIO, STOCK, CATEGORIA, ID_PEDIDO, ID_CLIENTE)
	VALUES('10103', 'CAMISETA',6.99,30,'INVIERNO', '00000000JSKL586DG6E93','0015356789');
INSERT INTO PRODUCTO (ID_PRODUCTO, NOMBRE, PRECIO, STOCK, CATEGORIA, ID_PEDIDO, ID_CLIENTE)
	VALUES('10102', 'SUDADERA',9.99,30,'INVIERNO', '00000000JSKL586DG6E92','0015356788');
INSERT INTO PRODUCTO (ID_PRODUCTO, NOMBRE, PRECIO, STOCK, CATEGORIA, ID_PEDIDO, ID_CLIENTE)
	VALUES('10101', 'CAMISA',19.99,30,'PIMAVERA', '00000000JSKL586DG6E91','0015356787');

-- TABLA ENVIO
INSERT INTO ENVIO (ID_ENVIO, DIRECCION, CIUDAD, CODIGO_POSTAL, FECHA_ENVIO, FECHA_ENTREGA, ID_PEDIDO)
	VALUES('5550','C/LOS PLINTOS, BRENES','SEVILLA',41310,TO_DATE('15/02/2020','DD/MM/YYYY'),TO_DATE('17/02/2020','DD/MM/YYYY'), '00000000JSKL586DG6E93');
INSERT INTO ENVIO (ID_ENVIO, DIRECCION, CIUDAD, CODIGO_POSTAL, FECHA_ENVIO, FECHA_ENTREGA, ID_PEDIDO)
	VALUES('5559','CONJUNTO JUMILLA, LORA DEL RIO','SEVILLA',41440,TO_DATE('15/01/2026','DD/MM/YYYY'),TO_DATE('25/01/2026','DD/MM/YYYY'), '00000000JSKL586DG6E92');
INSERT INTO ENVIO (ID_ENVIO, DIRECCION, CIUDAD, CODIGO_POSTAL, FECHA_ENVIO, FECHA_ENTREGA, ID_PEDIDO)
	VALUES('5558','C/LA PRIORA, LORA DEL RIO','SEVILLA',41440,TO_DATE('21/02/2024','DD/MM/YYYY'),NULL, '00000000JSKL586DG6E91');

-- TABLA PAGOS
INSERT INTO PAGOS (ID_PAGO, FECHA_PAGO, IMPORTE_PAGO, METODO_PAGO, ID_ENVIO)
	VALUES('1077',TO_DATE('14/02/2020','DD/MM/YYYY'),13.98,'BIZUM','5550');
INSERT INTO PAGOS (ID_PAGO, FECHA_PAGO, IMPORTE_PAGO, METODO_PAGO, ID_ENVIO)
	VALUES('1076',TO_DATE('15/01/2026','DD/MM/YYYY'),18.98,'PAYPAL','5559');
INSERT INTO PAGOS (ID_PAGO, FECHA_PAGO, IMPORTE_PAGO, METODO_PAGO, ID_ENVIO)
	VALUES('1075',TO_DATE('20/02/2024','DD/MM/YYYY'),24.98,'TRANSFERENCIA','5558');

/*
-- VER TABLAS
SELECT * FROM CLIENTES;
SELECT * FROM PEDIDO;
SELECT * FROM PRODUCTO;
SELECT * FROM ENVIO;
SELECT * FROM PAGOS;

-- ELIMINAR DATOS
DELETE FROM PAGOS;
DELETE FROM ENVIO;
DELETE FROM PRODUCTO;
DELETE FROM PEDIDO;
DELETE FROM CLIENTES;
*/
