-- ALTER SESSION SET "_ORACLE_SCRIPT"=TRUE;  
-- create user PROYECTOGRUPO identified by PROYECTOGRUPO;
-- GRANT CONNECT, RESOURCE, DBA TO PROYECTOGRUPO;


CREATE TABLE CLIENTES(
    ID_CLIENTE VARCHAR2(10) NOT NULL,
    NOMBRE VARCHAR2(25),
    APELLIDOS VARCHAR2(25),
    CORREO VARCHAR2(30),
    TELEFONO NUMBER(10),
    FECHA_REGISTRO DATE,
    CONSTRAINT PK_CLIENTES PRIMARY KEY (ID_CLIENTE)
);

CREATE TABLE PEDIDO(
    ID_PEDIDO VARCHAR(30) NOT NULL,
    FECHA_REALIZACION DATE,
    ESTADO VARCHAR2(25),
    PRECIO_UNITARIO NUMBER(10,2),
    CANTIDAD_SOLICITADA NUMBER(10),
    ID_CLIENTE VARCHAR2(10),
    CONSTRAINT PK_PEDIDO PRIMARY KEY (ID_PEDIDO),
    CONSTRAINT FK_PEDIDO FOREIGN KEY(ID_CLIENTE) REFERENCES CLIENTES (ID_CLIENTE)
);
CREATE TABLE PRODUCTO(
    ID_PRODUCTO NUMBER(10) NOT NULL,
    NOMBRE VARCHAR2(25),
    PRECIO NUMBER(10,2),
    STOCK NUMBER(10),
    CATEGORIA VARCHAR2(10),
    ID_PEDIDO VARCHAR2(30) NOT NULL,
    ID_CLIENTE VARCHAR2(10) NOT NULL,
    CONSTRAINT PK_PRODUCTO PRIMARY KEY (ID_PRODUCTO),
    CONSTRAINT FK1_PRODUCTO FOREIGN KEY(ID_PEDIDO) REFERENCES PEDIDO (ID_PEDIDO),
    CONSTRAINT FK2_PRODUCTO FOREIGN KEY(ID_CLIENTE) REFERENCES CLIENTES (ID_CLIENTE)
);

CREATE TABLE ENVIO(
    ID_ENVIO VARCHAR2(30) NOT NULL,
    DIRECCION VARCHAR2(100),
    CIUDAD VARCHAR2(25),
    CODIGO_POSTAL NUMBER (10),
    FECHA_ENVIO DATE,
    FECHA_ENTREGA DATE,
    ID_PEDIDO VARCHAR2(30) NOT NULL,
    CONSTRAINT PK_ENVIO PRIMARY KEY (ID_ENVIO),
    CONSTRAINT FK_ENVIO FOREIGN KEY (ID_PEDIDO) REFERENCES PEDIDO (ID_PEDIDO)
);

CREATE TABLE PAGOS(
    ID_PAGO VARCHAR2(10) NOT NULL,
    FECHA_PAGO DATE,
    IMPORTE_PAGO NUMBER(10,2),
    METODO_PAGO VARCHAR2(25),
    ID_ENVIO VARCHAR2(30) NOT NULL,
    CONSTRAINT PK_PAGOS PRIMARY KEY (ID_PAGO),
    CONSTRAINT FK_PAGOS FOREIGN KEY (ID_ENVIO) REFERENCES ENVIO (ID_ENVIO)
);

INSERT INTO CLIENTES VALUES('0015356789', 'RODOLFO', 'GÓMEZ CAZÓN', 'ROGOCA@OUTLOOK.COM',659321099, TO_DATE('13/01/2020','DD/MM/YYYY'));
INSERT INTO CLIENTES VALUES('0015356788', 'ALVARO', 'CRUCES MARTINEZ', 'ALVAROCM@OUTLOOK.COM',622693538, TO_DATE('03/11/2022','DD/MM/YYYY'));
INSERT INTO CLIENTES VALUES('0015356787', 'LUCIA', 'FERNANDEZ ROMAN', 'LUCIAFR@OUTLOOK.COM',623392837, TO_DATE('01/01/2024','DD/MM/YYYY'));

INSERT INTO PEDIDO VALUES ('00000000JSKL586DG6E93',TO_DATE('14/02/2020','DD/MM/YYYY'), 'PENDIENTE DE ENVÍO', 6.99,2,'0015356789');
INSERT INTO PEDIDO VALUES ('00000000JSKL586DG6E92',TO_DATE('04/02/2023','DD/MM/YYYY'), 'PENDIENTE DE ENVÍO', 9.99,7,'0015356788');
INSERT INTO PEDIDO VALUES ('00000000JSKL586DG6E91',TO_DATE('20/02/2024','DD/MM/YYYY'), 'PENDIENTE DE ENVÍO', 19.99,1,'0015356787');

INSERT INTO PRODUCTO VALUES('10103', 'CAMISETA',6.99,30,'INVIERNO', '00000000JSKL586DG6E93','0015356789');
INSERT INTO PRODUCTO VALUES('10102', 'SUDADERA',9.99,30,'INVIERNO', '00000000JSKL586DG6E92','0015356788');
INSERT INTO PRODUCTO VALUES('10101', 'CAMISA',19.99,30,'PIMAVERA', '00000000JSKL586DG6E91','0015356787');

INSERT INTO ENVIO VALUES('5550','C/LOS PLINTOS, BRENES','SEVILLA',41310,TO_DATE('15/02/2020','DD/MM/YYYY'),TO_DATE('17/02/2020','DD/MM/YYYY'), '00000000JSKL586DG6E93');
INSERT INTO ENVIO VALUES('5559','CONJUNTO JUMILLA, LORA DEL RIO','SEVILLA',41440,TO_DATE('05/02/2023','DD/MM/YYYY'),TO_DATE('07/02/2023','DD/MM/YYYY'), '00000000JSKL586DG6E92');
INSERT INTO ENVIO VALUES('5558','C/LA PRIORA, LORA DEL RIO','SEVILLA',41440,TO_DATE('21/02/2024','DD/MM/YYYY'),TO_DATE('22/02/2024','DD/MM/YYYY'), '00000000JSKL586DG6E91');

INSERT INTO PAGOS VALUES('1077',TO_DATE('14/02/2020','DD/MM/YYYY'),13.98,'BIZUM','5550');
INSERT INTO PAGOS VALUES('1076',TO_DATE('04/02/2023','DD/MM/YYYY'),18.98,'BIZUM','5559');
INSERT INTO PAGOS VALUES('1075',TO_DATE('20/02/2024','DD/MM/YYYY'),24.98,'BIZUM','5558');

SELECT * FROM CLIENTES;
SELECT * FROM PEDIDO;
SELECT * FROM PRODUCTO;
SELECT * FROM ENVIO;
SELECT * FROM PAGOS;

