-- create database EJTIENDA;
-- create user 'dummy'@'%' identified by 'dummy';
-- grant all on db_exampleName.* to 'dummy'@'%';

CREATE TABLE CLIENTES(
    ID_CLIENTE VARCHAR(10) NOT NULL,
    NOMBRE VARCHAR(25),
    APELLIDOS VARCHAR(25),
    CORREO VARCHAR(30),
    TELEFONO NUMERIC(10),
    FECHA_REGISTRO DATE,
    CONSTRAINT PK_CLIENTES PRIMARY KEY (ID_CLIENTE)
);

CREATE TABLE PEDIDO(
    ID_PEDIDO VARCHAR(30) NOT NULL,
    FECHA_REALIZACION DATE,
    ESTADO VARCHAR(25),
    PRECIO_UNITARIO NUMERIC(10,2),
    CANTIDAD_SOLICITADA NUMERIC(10),
    ID_CLIENTE VARCHAR(10),
    CONSTRAINT PK_PEDIDO PRIMARY KEY (ID_PEDIDO),
    CONSTRAINT FK_PEDIDO FOREIGN KEY(ID_CLIENTE) REFERENCES CLIENTES (ID_CLIENTE)
);
CREATE TABLE PRODUCTO(
    ID_PRODUCTO NUMERIC(10) NOT NULL,
    NOMBRE VARCHAR(25),
    PRECIO NUMERIC(10,2),
    STOCK NUMERIC(10),
    CATEGORIA VARCHAR(10),
    ID_PEDIDO VARCHAR(30) NOT NULL,
    ID_CLIENTE VARCHAR(10) NOT NULL,
    CONSTRAINT PK_PRODUCTO PRIMARY KEY (ID_PRODUCTO),
    CONSTRAINT FK1_PRODUCTO FOREIGN KEY(ID_PEDIDO) REFERENCES PEDIDO (ID_PEDIDO),
    CONSTRAINT FK2_PRODUCTO FOREIGN KEY(ID_CLIENTE) REFERENCES CLIENTES (ID_CLIENTE)
);

CREATE TABLE ENVIO(
    ID_ENVIO VARCHAR(30) NOT NULL,
    DIRECCION VARCHAR(100),
    CIUDAD VARCHAR(25),
    CODIGO_POSTAL NUMERIC (10),
    FECHA_ENVIO DATE,
    FECHA_ENTREGA DATE,
    ID_PEDIDO VARCHAR(30) NOT NULL,
    CONSTRAINT PK_ENVIO PRIMARY KEY (ID_ENVIO),
    CONSTRAINT FK_ENVIO FOREIGN KEY (ID_PEDIDO) REFERENCES PEDIDO (ID_PEDIDO)
);

CREATE TABLE PAGOS(
    ID_PAGO VARCHAR(10) NOT NULL,
    FECHA_PAGO DATE,
    IMPORTE_PAGO NUMERIC(10,2),
    METODO_PAGO VARCHAR(25),
    ID_ENVIO VARCHAR(30) NOT NULL,
    CONSTRAINT PK_PAGOS PRIMARY KEY (ID_PAGO),
    CONSTRAINT FK_PAGOS FOREIGN KEY (ID_ENVIO) REFERENCES ENVIO (ID_ENVIO)
);

INSERT INTO CLIENTES VALUES('0012345600', 'PABLO', 'GÓMEZ LÓPEZ', 'PBGOLO@GMAIL.COM',671886903, DATE('2022-07-29'));
INSERT INTO CLIENTES VALUES('0012345601', 'DANIEL', 'MORÓN MÁRQUEZ', 'DANIELMM@GMAIL.COM',623653578, DATE('2023-12-09'));
INSERT INTO CLIENTES VALUES('0012345602', 'LEIRE', 'FERNANDEZ ORTIZ', 'LEIREFO@GMAIL.COM',665322137, DATE('2025-04-07'));

INSERT INTO PEDIDO VALUES ('00000000ABC123DEG00',DATE('2022-08-03'), 'PENDIENTE DE ENVÍO', 5.99,3,'0012345600');
INSERT INTO PEDIDO VALUES ('00000000ABC123DEG01',DATE('2023-12-14'), 'PENDIENTE DE ENVÍO', 11.99,2,'0012345601');
INSERT INTO PEDIDO VALUES ('00000000ABC123DEG02',DATE('2025-04-20'), 'PENDIENTE DE ENVÍO', 14.99,1,'0012345602');

INSERT INTO PRODUCTO VALUES('10000', 'CAMISETA',5.99,100,'INVIERNO', '00000000ABC123DEG00','0012345600');
INSERT INTO PRODUCTO VALUES('10001', 'SUDADERA',11.99,80,'INVIERNO', '00000000ABC123DEG01','0012345601');
INSERT INTO PRODUCTO VALUES('10002', 'CHAQUETA',14.99,40,'PRIMAVERA', '00000000ABC123DEG02','0012345602');

INSERT INTO ENVIO VALUES('0000','C/GRANADA, BRENES','SEVILLA',41310,DATE('2022-08-04'),DATE('2022-08-05'), '00000000ABC123DEG00');
INSERT INTO ENVIO VALUES('0001','C/CÁDIZ, LORA DEL RIO','SEVILLA',41440,DATE('2023-12-15'),DATE('2023-12-17'), '00000000ABC123DEG01');
INSERT INTO ENVIO VALUES('0002','C/AMOR, LA RINCONADA','SEVILLA',41309,DATE('2025-04-21'),DATE('2025-04-22'), '00000000ABC123DEG02');

INSERT INTO PAGOS VALUES('1077',DATE('2022-07-29'),19.99,'BIZUM','0000');
INSERT INTO PAGOS VALUES('1076',DATE('2023-12-09'),23.99,'TARJETA','0001');
INSERT INTO PAGOS VALUES('1075',DATE('2025-04-07'),16.99,'BIZUM','0002');

SELECT * FROM CLIENTES;
SELECT * FROM PEDIDO;
SELECT * FROM PRODUCTO;
SELECT * FROM ENVIO;
SELECT * FROM PAGOS;